{
"lengthUnit": "mil",
"components": {
	"fields": ["COMPONENT_NO", "COMPONENT_NAME", "LAYER", "X_COORDINATE", "Y_COORDINATE", "ANGLE"],
	"rows": [
		[1, "H2", "T", 3085, -1865, 270],
		[2, "H3", "T", 3530, -2050, 0],
		[3, "H4", "T", 3530, -1880, 0],
		[4, "H5", "T", 3530, -1710, 0],
		[5, "U3", "T", 820, -1685, 0],
		[6, "U4", "T", 2705, -3687.01, 0],
		[7, "U5", "T", 2705, -2287.01, 0],
		[8, "U6", "T", 785, -355, 0]
	]
},
"pins": {
	"fields": ["PIN_NO", "PIN_NAME", "PIN_X", "PIN_Y", "LAYER", "PIN_TYPE", "NET_NAME", "NET_TYPE", "PAD_SHAPE", "PAD_SIZEX", "PAD_SIZEY", "HOLE_SIZE", "PAD_ANGLE"],
	"rows": [
		[1, "H2_1", 3035, -1715, "T", "DIP", "+3V3", "", "R", 62.99, 62.99, 43.31, 270],
		[2, "H2_1", 3035, -1715, "B", "DIP", "+3V3", "", "R", 62.99, 62.99, 43.31, 270],
		[3, "H2_2", 3135, -1715, "T", "DIP", "PD5", "", "C", 62.99, 62.99, 43.31, 270],
		[4, "H2_2", 3135, -1715, "B", "DIP", "PD5", "", "C", 62.99, 62.99, 43.31, 270],
		[5, "H2_3", 3035, -1815, "T", "DIP", "H2_3", "", "C", 62.99, 62.99, 43.31, 270],
		[6, "H2_3", 3035, -1815, "B", "DIP", "H2_3", "", "C", 62.99, 62.99, 43.31, 270],
		[7, "H2_4", 3135, -1815, "T", "DIP", "H2_4", "", "C", 62.99, 62.99, 43.31, 270],
		[8, "H2_4", 3135, -1815, "B", "DIP", "H2_4", "", "C", 62.99, 62.99, 43.31, 270],
		[9, "H2_5", 3035, -1915, "T", "DIP", "H2_5", "", "C", 62.99, 62.99, 43.31, 270],
		[10, "H2_5", 3035, -1915, "B", "DIP", "H2_5", "", "C", 62.99, 62.99, 43.31, 270],
		[11, "H2_6", 3135, -1915, "T", "DIP", "H2_6", "", "C", 62.99, 62.99, 43.31, 270],
		[12, "H2_6", 3135, -1915, "B", "DIP", "H2_6", "", "C", 62.99, 62.99, 43.31, 270],
		[13, "H2_7", 3035, -2015, "T", "DIP", "PD6", "", "C", 62.99, 62.99, 43.31, 270],
		[14, "H2_7", 3035, -2015, "B", "DIP", "PD6", "", "C", 62.99, 62.99, 43.31, 270],
		[15, "H2_8", 3135, -2015, "T", "DIP", "GND", "GND", "C", 62.99, 62.99, 43.31, 270],
		[16, "H2_8", 3135, -2015, "B", "DIP", "GND", "GND", "C", 62.99, 62.99, 43.31, 270],
		[17, "H3_1", 3330, -2050, "T", "DIP", "+5V", "", "R", 66.93, 66.93, 43.31, 0],
		[18, "H3_1", 3330, -2050, "B", "DIP", "+5V", "", "R", 66.93, 66.93, 43.31, 0],
		[19, "H3_2", 3430, -2050, "T", "DIP", "+5V", "", "C", 66.93, 66.93, 43.31, 0],
		[20, "H3_2", 3430, -2050, "B", "DIP", "+5V", "", "C", 66.93, 66.93, 43.31, 0],
		[21, "H3_3", 3530, -2050, "T", "DIP", "+5V", "", "C", 66.93, 66.93, 43.31, 0],
		[22, "H3_3", 3530, -2050, "B", "DIP", "+5V", "", "C", 66.93, 66.93, 43.31, 0],
		[23, "H3_4", 3630, -2050, "T", "DIP", "+5V", "", "C", 66.93, 66.93, 43.31, 0],
		[24, "H3_4", 3630, -2050, "B", "DIP", "+5V", "", "C", 66.93, 66.93, 43.31, 0],
		[25, "H3_5", 3730, -2050, "T", "DIP", "+5V", "", "C", 66.93, 66.93, 43.31, 0],
		[26, "H3_5", 3730, -2050, "B", "DIP", "+5V", "", "C", 66.93, 66.93, 43.31, 0],
		[27, "H4_1", 3330, -1880, "T", "DIP", "+3V3", "", "R", 66.93, 66.93, 43.31, 0],
		[28, "H4_1", 3330, -1880, "B", "DIP", "+3V3", "", "R", 66.93, 66.93, 43.31, 0],
		[29, "H4_2", 3430, -1880, "T", "DIP", "+3V3", "", "C", 66.93, 66.93, 43.31, 0],
		[30, "H4_2", 3430, -1880, "B", "DIP", "+3V3", "", "C", 66.93, 66.93, 43.31, 0],
		[31, "H4_3", 3530, -1880, "T", "DIP", "+3V3", "", "C", 66.93, 66.93, 43.31, 0],
		[32, "H4_3", 3530, -1880, "B", "DIP", "+3V3", "", "C", 66.93, 66.93, 43.31, 0],
		[33, "H4_4", 3630, -1880, "T", "DIP", "+3V3", "", "C", 66.93, 66.93, 43.31, 0],
		[34, "H4_4", 3630, -1880, "B", "DIP", "+3V3", "", "C", 66.93, 66.93, 43.31, 0],
		[35, "H4_5", 3730, -1880, "T", "DIP", "+3V3", "", "C", 66.93, 66.93, 43.31, 0],
		[36, "H4_5", 3730, -1880, "B", "DIP", "+3V3", "", "C", 66.93, 66.93, 43.31, 0],
		[37, "H5_1", 3330, -1710, "T", "DIP", "GND", "GND", "R", 66.93, 66.93, 43.31, 0],
		[38, "H5_1", 3330, -1710, "B", "DIP", "GND", "GND", "R", 66.93, 66.93, 43.31, 0],
		[39, "H5_2", 3430, -1710, "T", "DIP", "GND", "GND", "C", 66.93, 66.93, 43.31, 0],
		[40, "H5_2", 3430, -1710, "B", "DIP", "GND", "GND", "C", 66.93, 66.93, 43.31, 0],
		[41, "H5_3", 3530, -1710, "T", "DIP", "GND", "GND", "C", 66.93, 66.93, 43.31, 0],
		[42, "H5_3", 3530, -1710, "B", "DIP", "GND", "GND", "C", 66.93, 66.93, 43.31, 0],
		[43, "H5_4", 3630, -1710, "T", "DIP", "GND", "GND", "C", 66.93, 66.93, 43.31, 0],
		[44, "H5_4", 3630, -1710, "B", "DIP", "GND", "GND", "C", 66.93, 66.93, 43.31, 0],
		[45, "H5_5", 3730, -1710, "T", "DIP", "GND", "GND", "C", 66.93, 66.93, 43.31, 0],
		[46, "H5_5", 3730, -1710, "B", "DIP", "GND", "GND", "C", 66.93, 66.93, 43.31, 0],
		[47, "U3_1", 520, -1685, "T", "DIP", "U3_1", "", "C", 74.8, 74.8, 43.31, 0],
		[48, "U3_1", 520, -1685, "B", "DIP", "U3_1", "", "C", 74.8, 74.8, 43.31, 0],
		[49, "U3_2", 620, -1685, "T", "DIP", "PE9", "", "C", 74.8, 74.8, 43.31, 0],
		[50, "U3_2", 620, -1685, "B", "DIP", "PE9", "", "C", 74.8, 74.8, 43.31, 0],
		[51, "U3_3", 720, -1685, "T", "DIP", "U3_3", "", "C", 74.8, 74.8, 43.31, 0],
		[52, "U3_3", 720, -1685, "B", "DIP", "U3_3", "", "C", 74.8, 74.8, 43.31, 0],
		[53, "U3_4", 820, -1685, "T", "DIP", "U3_4", "", "C", 74.8, 74.8, 43.31, 0],
		[54, "U3_4", 820, -1685, "B", "DIP", "U3_4", "", "C", 74.8, 74.8, 43.31, 0],
		[55, "U3_5", 920, -1685, "T", "DIP", "PE8", "", "C", 74.8, 74.8, 43.31, 0],
		[56, "U3_5", 920, -1685, "B", "DIP", "PE8", "", "C", 74.8, 74.8, 43.31, 0],
		[57, "U3_6", 1020, -1685, "T", "DIP", "PE7", "", "C", 74.8, 74.8, 43.31, 0],
		[58, "U3_6", 1020, -1685, "B", "DIP", "PE7", "", "C", 74.8, 74.8, 43.31, 0],
		[59, "U3_7", 1120, -1685, "T", "DIP", "GND", "GND", "C", 74.8, 74.8, 43.31, 0],
		[60, "U3_7", 1120, -1685, "B", "DIP", "GND", "GND", "C", 74.8, 74.8, 43.31, 0],
		[61, "U4_1", 1755, -3737.01, "T", "DIP", "PA2", "", "R", 62.99, 62.99, 39.37, 0],
		[62, "U4_1", 1755, -3737.01, "B", "DIP", "PA2", "", "R", 62.99, 62.99, 39.37, 0],
		[63, "U4_2", 1755, -3637.01, "T", "DIP", "EXT_PIN_VERF+", "", "C", 62.99, 62.99, 39.37, 0],
		[64, "U4_2", 1755, -3637.01, "B", "DIP", "EXT_PIN_VERF+", "", "C", 62.99, 62.99, 39.37, 0],
		[65, "U4_3", 1855, -3737.01, "T", "DIP", "PA0", "", "C", 62.99, 62.99, 39.37, 0],
		[66, "U4_3", 1855, -3737.01, "B", "DIP", "PA0", "", "C", 62.99, 62.99, 39.37, 0],
		[67, "U4_4", 1855, -3637.01, "T", "DIP", "PA1", "", "C", 62.99, 62.99, 39.37, 0],
		[68, "U4_4", 1855, -3637.01, "B", "DIP", "PA1", "", "C", 62.99, 62.99, 39.37, 0],
		[69, "U4_5", 1955, -3737.01, "T", "DIP", "PA4", "", "C", 62.99, 62.99, 39.37, 0],
		[70, "U4_5", 1955, -3737.01, "B", "DIP", "PA4", "", "C", 62.99, 62.99, 39.37, 0],
		[71, "U4_6", 1955, -3637.01, "T", "DIP", "PA3", "", "C", 62.99, 62.99, 39.37, 0],
		[72, "U4_6", 1955, -3637.01, "B", "DIP", "PA3", "", "C", 62.99, 62.99, 39.37, 0],
		[73, "U4_7", 2055, -3737.01, "T", "DIP", "PA6", "", "C", 62.99, 62.99, 39.37, 0],
		[74, "U4_7", 2055, -3737.01, "B", "DIP", "PA6", "", "C", 62.99, 62.99, 39.37, 0],
		[75, "U4_8", 2055, -3637.01, "T", "DIP", "PA5", "", "C", 62.99, 62.99, 39.37, 0],
		[76, "U4_8", 2055, -3637.01, "B", "DIP", "PA5", "", "C", 62.99, 62.99, 39.37, 0],
		[77, "U4_9", 2155, -3737.01, "T", "DIP", "PC4", "", "C", 62.99, 62.99, 39.37, 0],
		[78, "U4_9", 2155, -3737.01, "B", "DIP", "PC4", "", "C", 62.99, 62.99, 39.37, 0],
		[79, "U4_10", 2155, -3637.01, "T", "DIP", "PA7", "", "C", 62.99, 62.99, 39.37, 0],
		[80, "U4_10", 2155, -3637.01, "B", "DIP", "PA7", "", "C", 62.99, 62.99, 39.37, 0],
		[81, "U4_11", 2255, -3737.01, "T", "DIP", "PB0", "", "C", 62.99, 62.99, 39.37, 0],
		[82, "U4_11", 2255, -3737.01, "B", "DIP", "PB0", "", "C", 62.99, 62.99, 39.37, 0],
		[83, "U4_12", 2255, -3637.01, "T", "DIP", "PC5", "", "C", 62.99, 62.99, 39.37, 0],
		[84, "U4_12", 2255, -3637.01, "B", "DIP", "PC5", "", "C", 62.99, 62.99, 39.37, 0],
		[85, "U4_13", 2355, -3737.01, "T", "DIP", "PE7", "", "C", 62.99, 62.99, 39.37, 0],
		[86, "U4_13", 2355, -3737.01, "B", "DIP", "PE7", "", "C", 62.99, 62.99, 39.37, 0],
		[87, "U4_14", 2355, -3637.01, "T", "DIP", "PB1", "", "C", 62.99, 62.99, 39.37, 0],
		[88, "U4_14", 2355, -3637.01, "B", "DIP", "PB1", "", "C", 62.99, 62.99, 39.37, 0],
		[89, "U4_15", 2455, -3737.01, "T", "DIP", "PE9", "", "C", 62.99, 62.99, 39.37, 0],
		[90, "U4_15", 2455, -3737.01, "B", "DIP", "PE9", "", "C", 62.99, 62.99, 39.37, 0],
		[91, "U4_16", 2455, -3637.01, "T", "DIP", "PE8", "", "C", 62.99, 62.99, 39.37, 0],
		[92, "U4_16", 2455, -3637.01, "B", "DIP", "PE8", "", "C", 62.99, 62.99, 39.37, 0],
		[93, "U4_17", 2555, -3737.01, "T", "DIP", "PE11", "", "C", 62.99, 62.99, 39.37, 0],
		[94, "U4_17", 2555, -3737.01, "B", "DIP", "PE11", "", "C", 62.99, 62.99, 39.37, 0],
		[95, "U4_18", 2555, -3637.01, "T", "DIP", "PE10", "", "C", 62.99, 62.99, 39.37, 0],
		[96, "U4_18", 2555, -3637.01, "B", "DIP", "PE10", "", "C", 62.99, 62.99, 39.37, 0],
		[97, "U4_19", 2655, -3737.01, "T", "DIP", "PE13", "", "C", 62.99, 62.99, 39.37, 0],
		[98, "U4_19", 2655, -3737.01, "B", "DIP", "PE13", "", "C", 62.99, 62.99, 39.37, 0],
		[99, "U4_20", 2655, -3637.01, "T", "DIP", "PE12", "", "C", 62.99, 62.99, 39.37, 0],
		[100, "U4_20", 2655, -3637.01, "B", "DIP", "PE12", "", "C", 62.99, 62.99, 39.37, 0],
		[101, "U4_21", 2755, -3737.01, "T", "DIP", "PE15", "", "C", 62.99, 62.99, 39.37, 0],
		[102, "U4_21", 2755, -3737.01, "B", "DIP", "PE15", "", "C", 62.99, 62.99, 39.37, 0],
		[103, "U4_22", 2755, -3637.01, "T", "DIP", "PE14", "", "C", 62.99, 62.99, 39.37, 0],
		[104, "U4_22", 2755, -3637.01, "B", "DIP", "PE14", "", "C", 62.99, 62.99, 39.37, 0],
		[105, "U4_23", 2855, -3737.01, "T", "DIP", "PB10", "", "C", 62.99, 62.99, 39.37, 0],
		[106, "U4_23", 2855, -3737.01, "B", "DIP", "PB10", "", "C", 62.99, 62.99, 39.37, 0],
		[107, "U4_24", 2855, -3637.01, "T", "DIP", "PB11", "", "C", 62.99, 62.99, 39.37, 0],
		[108, "U4_24", 2855, -3637.01, "B", "DIP", "PB11", "", "C", 62.99, 62.99, 39.37, 0],
		[109, "U4_25", 2955, -3737.01, "T", "DIP", "PB13", "", "C", 62.99, 62.99, 39.37, 0],
		[110, "U4_25", 2955, -3737.01, "B", "DIP", "PB13", "", "C", 62.99, 62.99, 39.37, 0],
		[111, "U4_26", 2955, -3637.01, "T", "DIP", "PB12", "", "C", 62.99, 62.99, 39.37, 0],
		[112, "U4_26", 2955, -3637.01, "B", "DIP", "PB12", "", "C", 62.99, 62.99, 39.37, 0],
		[113, "U4_27", 3055, -3737.01, "T", "DIP", "PB15", "", "C", 62.99, 62.99, 39.37, 0],
		[114, "U4_27", 3055, -3737.01, "B", "DIP", "PB15", "", "C", 62.99, 62.99, 39.37, 0],
		[115, "U4_28", 3055, -3637.01, "T", "DIP", "PB14", "", "C", 62.99, 62.99, 39.37, 0],
		[116, "U4_28", 3055, -3637.01, "B", "DIP", "PB14", "", "C", 62.99, 62.99, 39.37, 0],
		[117, "U4_29", 3155, -3737.01, "T", "DIP", "PD9", "", "C", 62.99, 62.99, 39.37, 0],
		[118, "U4_29", 3155, -3737.01, "B", "DIP", "PD9", "", "C", 62.99, 62.99, 39.37, 0],
		[119, "U4_30", 3155, -3637.01, "T", "DIP", "PD8", "", "C", 62.99, 62.99, 39.37, 0],
		[120, "U4_30", 3155, -3637.01, "B", "DIP", "PD8", "", "C", 62.99, 62.99, 39.37, 0],
		[121, "U4_31", 3255, -3737.01, "T", "DIP", "PD11", "", "C", 62.99, 62.99, 39.37, 0],
		[122, "U4_31", 3255, -3737.01, "B", "DIP", "PD11", "", "C", 62.99, 62.99, 39.37, 0],
		[123, "U4_32", 3255, -3637.01, "T", "DIP", "PD10", "", "C", 62.99, 62.99, 39.37, 0],
		[124, "U4_32", 3255, -3637.01, "B", "DIP", "PD10", "", "C", 62.99, 62.99, 39.37, 0],
		[125, "U4_33", 3355, -3737.01, "T", "DIP", "PD13", "", "C", 62.99, 62.99, 39.37, 0],
		[126, "U4_33", 3355, -3737.01, "B", "DIP", "PD13", "", "C", 62.99, 62.99, 39.37, 0],
		[127, "U4_34", 3355, -3637.01, "T", "DIP", "PD12", "", "C", 62.99, 62.99, 39.37, 0],
		[128, "U4_34", 3355, -3637.01, "B", "DIP", "PD12", "", "C", 62.99, 62.99, 39.37, 0],
		[129, "U4_35", 3455, -3737.01, "T", "DIP", "PD15", "", "C", 62.99, 62.99, 39.37, 0],
		[130, "U4_35", 3455, -3737.01, "B", "DIP", "PD15", "", "C", 62.99, 62.99, 39.37, 0],
		[131, "U4_36", 3455, -3637.01, "T", "DIP", "PD14", "", "C", 62.99, 62.99, 39.37, 0],
		[132, "U4_36", 3455, -3637.01, "B", "DIP", "PD14", "", "C", 62.99, 62.99, 39.37, 0],
		[133, "U4_37", 3555, -3737.01, "T", "DIP", "AGND", "", "C", 62.99, 62.99, 39.37, 0],
		[134, "U4_37", 3555, -3737.01, "B", "DIP", "AGND", "", "C", 62.99, 62.99, 39.37, 0],
		[135, "U4_38", 3555, -3637.01, "T", "DIP", "+3V3", "", "C", 62.99, 62.99, 39.37, 0],
		[136, "U4_38", 3555, -3637.01, "B", "DIP", "+3V3", "", "C", 62.99, 62.99, 39.37, 0],
		[137, "U4_39", 3655, -3737.01, "T", "DIP", "GND", "GND", "C", 62.99, 62.99, 39.37, 0],
		[138, "U4_39", 3655, -3737.01, "B", "DIP", "GND", "GND", "C", 62.99, 62.99, 39.37, 0],
		[139, "U4_40", 3655, -3637.01, "T", "DIP", "+5V", "", "C", 62.99, 62.99, 39.37, 0],
		[140, "U4_40", 3655, -3637.01, "B", "DIP", "+5V", "", "C", 62.99, 62.99, 39.37, 0],
		[141, "U5_1", 1755, -2337.01, "T", "DIP", "PD3", "", "R", 62.99, 62.99, 39.37, 0],
		[142, "U5_1", 1755, -2337.01, "B", "DIP", "PD3", "", "R", 62.99, 62.99, 39.37, 0],
		[143, "U5_2", 1755, -2237.01, "T", "DIP", "PC9", "", "C", 62.99, 62.99, 39.37, 0],
		[144, "U5_2", 1755, -2237.01, "B", "DIP", "PC9", "", "C", 62.99, 62.99, 39.37, 0],
		[145, "U5_3", 1855, -2337.01, "T", "DIP", "PC8", "", "C", 62.99, 62.99, 39.37, 0],
		[146, "U5_3", 1855, -2337.01, "B", "DIP", "PC8", "", "C", 62.99, 62.99, 39.37, 0],
		[147, "U5_4", 1855, -2237.01, "T", "DIP", "PC12", "", "C", 62.99, 62.99, 39.37, 0],
		[148, "U5_4", 1855, -2237.01, "B", "DIP", "PC12", "", "C", 62.99, 62.99, 39.37, 0],
		[149, "U5_5", 1955, -2337.01, "T", "DIP", "PD2", "", "C", 62.99, 62.99, 39.37, 0],
		[150, "U5_5", 1955, -2337.01, "B", "DIP", "PD2", "", "C", 62.99, 62.99, 39.37, 0],
		[151, "U5_6", 1955, -2237.01, "T", "DIP", "PC11", "", "C", 62.99, 62.99, 39.37, 0],
		[152, "U5_6", 1955, -2237.01, "B", "DIP", "PC11", "", "C", 62.99, 62.99, 39.37, 0],
		[153, "U5_7", 2055, -2337.01, "T", "DIP", "PC10", "", "C", 62.99, 62.99, 39.37, 0],
		[154, "U5_7", 2055, -2337.01, "B", "DIP", "PC10", "", "C", 62.99, 62.99, 39.37, 0],
		[155, "U5_8", 2055, -2237.01, "T", "DIP", "PC13", "", "C", 62.99, 62.99, 39.37, 0],
		[156, "U5_8", 2055, -2237.01, "B", "DIP", "PC13", "", "C", 62.99, 62.99, 39.37, 0],
		[157, "U5_9", 2155, -2337.01, "T", "DIP", "PE6", "", "C", 62.99, 62.99, 39.37, 0],
		[158, "U5_9", 2155, -2337.01, "B", "DIP", "PE6", "", "C", 62.99, 62.99, 39.37, 0],
		[159, "U5_10", 2155, -2237.01, "T", "DIP", "PE5", "", "C", 62.99, 62.99, 39.37, 0],
		[160, "U5_10", 2155, -2237.01, "B", "DIP", "PE5", "", "C", 62.99, 62.99, 39.37, 0],
		[161, "U5_11", 2255, -2337.01, "T", "DIP", "PE4", "", "C", 62.99, 62.99, 39.37, 0],
		[162, "U5_11", 2255, -2337.01, "B", "DIP", "PE4", "", "C", 62.99, 62.99, 39.37, 0],
		[163, "U5_12", 2255, -2237.01, "T", "DIP", "PE3", "", "C", 62.99, 62.99, 39.37, 0],
		[164, "U5_12", 2255, -2237.01, "B", "DIP", "PE3", "", "C", 62.99, 62.99, 39.37, 0],
		[165, "U5_13", 2355, -2337.01, "T", "DIP", "PE2", "", "C", 62.99, 62.99, 39.37, 0],
		[166, "U5_13", 2355, -2337.01, "B", "DIP", "PE2", "", "C", 62.99, 62.99, 39.37, 0],
		[167, "U5_14", 2355, -2237.01, "T", "DIP", "PC0", "", "C", 62.99, 62.99, 39.37, 0],
		[168, "U5_14", 2355, -2237.01, "B", "DIP", "PC0", "", "C", 62.99, 62.99, 39.37, 0],
		[169, "U5_15", 2455, -2337.01, "T", "DIP", "PC1", "", "C", 62.99, 62.99, 39.37, 0],
		[170, "U5_15", 2455, -2337.01, "B", "DIP", "PC1", "", "C", 62.99, 62.99, 39.37, 0],
		[171, "U5_16", 2455, -2237.01, "T", "DIP", "PC2", "", "C", 62.99, 62.99, 39.37, 0],
		[172, "U5_16", 2455, -2237.01, "B", "DIP", "PC2", "", "C", 62.99, 62.99, 39.37, 0],
		[173, "U5_17", 2555, -2337.01, "T", "DIP", "PC3", "", "C", 62.99, 62.99, 39.37, 0],
		[174, "U5_17", 2555, -2337.01, "B", "DIP", "PC3", "", "C", 62.99, 62.99, 39.37, 0],
		[175, "U5_18", 2555, -2237.01, "T", "DIP", "PE1", "", "C", 62.99, 62.99, 39.37, 0],
		[176, "U5_18", 2555, -2237.01, "B", "DIP", "PE1", "", "C", 62.99, 62.99, 39.37, 0],
		[177, "U5_19", 2655, -2337.01, "T", "DIP", "PE0", "", "C", 62.99, 62.99, 39.37, 0],
		[178, "U5_19", 2655, -2337.01, "B", "DIP", "PE0", "", "C", 62.99, 62.99, 39.37, 0],
		[179, "U5_20", 2655, -2237.01, "T", "DIP", "PB9", "", "C", 62.99, 62.99, 39.37, 0],
		[180, "U5_20", 2655, -2237.01, "B", "DIP", "PB9", "", "C", 62.99, 62.99, 39.37, 0],
		[181, "U5_21", 2755, -2337.01, "T", "DIP", "PB8", "", "C", 62.99, 62.99, 39.37, 0],
		[182, "U5_21", 2755, -2337.01, "B", "DIP", "PB8", "", "C", 62.99, 62.99, 39.37, 0],
		[183, "U5_22", 2755, -2237.01, "T", "DIP", "PB7", "", "C", 62.99, 62.99, 39.37, 0],
		[184, "U5_22", 2755, -2237.01, "B", "DIP", "PB7", "", "C", 62.99, 62.99, 39.37, 0],
		[185, "U5_23", 2855, -2337.01, "T", "DIP", "PB6", "", "C", 62.99, 62.99, 39.37, 0],
		[186, "U5_23", 2855, -2337.01, "B", "DIP", "PB6", "", "C", 62.99, 62.99, 39.37, 0],
		[187, "U5_24", 2855, -2237.01, "T", "DIP", "PB5", "", "C", 62.99, 62.99, 39.37, 0],
		[188, "U5_24", 2855, -2237.01, "B", "DIP", "PB5", "", "C", 62.99, 62.99, 39.37, 0],
		[189, "U5_25", 2955, -2337.01, "T", "DIP", "PB4", "", "C", 62.99, 62.99, 39.37, 0],
		[190, "U5_25", 2955, -2337.01, "B", "DIP", "PB4", "", "C", 62.99, 62.99, 39.37, 0],
		[191, "U5_26", 2955, -2237.01, "T", "DIP", "EXT_BAT_PIN+", "", "C", 62.99, 62.99, 39.37, 0],
		[192, "U5_26", 2955, -2237.01, "B", "DIP", "EXT_BAT_PIN+", "", "C", 62.99, 62.99, 39.37, 0],
		[193, "U5_27", 3055, -2337.01, "T", "DIP", "PD7", "", "C", 62.99, 62.99, 39.37, 0],
		[194, "U5_27", 3055, -2337.01, "B", "DIP", "PD7", "", "C", 62.99, 62.99, 39.37, 0],
		[195, "U5_28", 3055, -2237.01, "T", "DIP", "PD6", "", "C", 62.99, 62.99, 39.37, 0],
		[196, "U5_28", 3055, -2237.01, "B", "DIP", "PD6", "", "C", 62.99, 62.99, 39.37, 0],
		[197, "U5_29", 3155, -2337.01, "T", "DIP", "PD5", "", "C", 62.99, 62.99, 39.37, 0],
		[198, "U5_29", 3155, -2337.01, "B", "DIP", "PD5", "", "C", 62.99, 62.99, 39.37, 0],
		[199, "U5_30", 3155, -2237.01, "T", "DIP", "PD4", "", "C", 62.99, 62.99, 39.37, 0],
		[200, "U5_30", 3155, -2237.01, "B", "DIP", "PD4", "", "C", 62.99, 62.99, 39.37, 0],
		[201, "U5_31", 3255, -2337.01, "T", "DIP", "PD1", "", "C", 62.99, 62.99, 39.37, 0],
		[202, "U5_31", 3255, -2337.01, "B", "DIP", "PD1", "", "C", 62.99, 62.99, 39.37, 0],
		[203, "U5_32", 3255, -2237.01, "T", "DIP", "PD0", "", "C", 62.99, 62.99, 39.37, 0],
		[204, "U5_32", 3255, -2237.01, "B", "DIP", "PD0", "", "C", 62.99, 62.99, 39.37, 0],
		[205, "U5_33", 3355, -2337.01, "T", "DIP", "PA15", "", "C", 62.99, 62.99, 39.37, 0],
		[206, "U5_33", 3355, -2337.01, "B", "DIP", "PA15", "", "C", 62.99, 62.99, 39.37, 0],
		[207, "U5_34", 3355, -2237.01, "T", "DIP", "PA8", "", "C", 62.99, 62.99, 39.37, 0],
		[208, "U5_34", 3355, -2237.01, "B", "DIP", "PA8", "", "C", 62.99, 62.99, 39.37, 0],
		[209, "U5_35", 3455, -2337.01, "T", "DIP", "PC6", "", "C", 62.99, 62.99, 39.37, 0],
		[210, "U5_35", 3455, -2337.01, "B", "DIP", "PC6", "", "C", 62.99, 62.99, 39.37, 0],
		[211, "U5_36", 3455, -2237.01, "T", "DIP", "PC7", "", "C", 62.99, 62.99, 39.37, 0],
		[212, "U5_36", 3455, -2237.01, "B", "DIP", "PC7", "", "C", 62.99, 62.99, 39.37, 0],
		[213, "U5_37", 3555, -2337.01, "T", "DIP", "GND", "GND", "C", 62.99, 62.99, 39.37, 0],
		[214, "U5_37", 3555, -2337.01, "B", "DIP", "GND", "GND", "C", 62.99, 62.99, 39.37, 0],
		[215, "U5_38", 3555, -2237.01, "T", "DIP", "+3V3", "", "C", 62.99, 62.99, 39.37, 0],
		[216, "U5_38", 3555, -2237.01, "B", "DIP", "+3V3", "", "C", 62.99, 62.99, 39.37, 0],
		[217, "U5_39", 3655, -2337.01, "T", "DIP", "GND", "GND", "C", 62.99, 62.99, 39.37, 0],
		[218, "U5_39", 3655, -2337.01, "B", "DIP", "GND", "GND", "C", 62.99, 62.99, 39.37, 0],
		[219, "U5_40", 3655, -2237.01, "T", "DIP", "+5V", "", "C", 62.99, 62.99, 39.37, 0],
		[220, "U5_40", 3655, -2237.01, "B", "DIP", "+5V", "", "C", 62.99, 62.99, 39.37, 0],
		[221, "U6_1", 635, -355, "T", "DIP", "GND", "GND", "C", 70.87, 70.87, 41.34, 0],
		[222, "U6_1", 635, -355, "B", "DIP", "GND", "GND", "C", 70.87, 70.87, 41.34, 0],
		[223, "U6_2", 735, -355, "T", "DIP", "+3V3", "", "C", 70.87, 70.87, 41.34, 0],
		[224, "U6_2", 735, -355, "B", "DIP", "+3V3", "", "C", 70.87, 70.87, 41.34, 0],
		[225, "U6_3", 835, -355, "T", "DIP", "PA3", "", "C", 70.87, 70.87, 41.34, 0],
		[226, "U6_3", 835, -355, "B", "DIP", "PA3", "", "C", 70.87, 70.87, 41.34, 0],
		[227, "U6_4", 935, -355, "T", "DIP", "PA4", "", "C", 70.87, 70.87, 41.34, 0],
		[228, "U6_4", 935, -355, "B", "DIP", "PA4", "", "C", 70.87, 70.87, 41.34, 0]
	]
}
}